{"epoch_time_sec":147.3731508255005,"max_val_acc":10,"val_acc":10,"throughput_images_per_sec":0.013570993011936969,"_wandb":{"runtime":690},"train_acc":9.856,"val_loss":2.302597673845291,"learning_rate":0,"epoch":4,"_step":4,"train_loss":2.3027533388137815,"_runtime":690,"_timestamp":1.76100577015751e+09}