{"max_val_acc":38.72,"val_acc":38.57,"train_loss":1.722724433670044,"learning_rate":0,"_step":49,"_wandb":{"runtime":168},"train_acc":37.186,"val_loss":1.6969013999938964,"_runtime":168,"epoch":49,"_timestamp":1.760994180949461e+09}