{"_step":17,"_wandb":{"runtime":0},"_runtime":0,"accuracy":0.9165294466754307,"loss":0.06339265419327128,"_timestamp":1.7609932103229942e+09}