{"_wandb":{"runtime":1118},"_runtime":1118,"epoch":49,"learning_rate":0,"val_loss":0.295663556432724,"epoch_time_sec":22.41994881629944,"_timestamp":1.7610107745483067e+09,"_step":49,"val_acc":91.00000014648438,"max_val_acc":91.00000014648438,"train_loss":0.11738052638292312,"train_acc":96.09400001708984,"throughput_images_per_sec":45.673610068884095}