{"_timestamp":1.7609951281920564e+09,"learning_rate":0,"train_acc":88.504,"_runtime":238,"max_val_acc":70.51,"epoch":49,"val_loss":0.9520449230194091,"val_acc":69.55,"train_loss":0.3461785994148254,"_step":49,"_wandb":{"runtime":238}}