{"epoch":49,"_timestamp":1.7610006953528202e+09,"_step":49,"learning_rate":0,"val_loss":1.4285783849716187,"train_loss":0.012013883397318422,"train_acc":99.68,"val_acc":77.01,"max_val_acc":77.14,"_wandb":{"runtime":269},"_runtime":269,"epoch_time_sec":6.45301628112793}