{"val_acc":10,"train_acc":10,"learning_rate":0,"max_val_acc":10,"_runtime":232,"epoch":49,"_timestamp":1.760995384507825e+09,"val_loss":2.3025897632598875,"_step":49,"_wandb":{"runtime":232},"train_loss":2.302590578765869}